{
  "status": true,
  "data": [
    {
      "id": "1",
      "fullname": "Jerry",
      "phone": "(999) 999-9999",
      "email": "jerry@gmail.com",
      "meeting_date": "2018-02-22",
      "meeting_time": "09:00 AM",
      "note": "Hello, I m looking forward to buy your property. Is it still available ?",
      "property": {
        "id": 1,
        "post_title": "70 Bushwick Avenue",
        "post_content": "70 Bushwick Avenue is a new apartment development by Bushwick Powers LLC at 70 Bushwick Avenue, Kings County. 70 Bushwick Avenue has a total of 20 units, sizes range from 750 to 750 square feet.",
        "bedrooms": "1",
        "bathrooms": "2",
        "post_status": "expired",
        "thumb": "assets/imgs/property/img1.jpg",
        "thumb-s": "assets/imgs/property/img1.jpg",
        "thumb-m": "assets/imgs/property/img1.jpg",
        "thumb-l": "assets/imgs/property/img1.jpg",
        "audio_file": "",
        "vidoe_file": "",
        "cobroke": "",
        "street_name": "Kings County",
        "property_price": "369856",
        "property_pricek": "$369.856 K",
        "property_sec_price": "",
        "property_size": "1234",
        "property_garage": "",
        "property_address": "Kings County,New York",
        "postal_code": "33160",
        "property_country": "US",
        "expiration_date": "",
        "expiration_date2": "",
        "property_type": "Non Commercial",
        "property_typeid": "2",
        "property_status": "",
        "property_statusid": "",
        "property_state": "Alaska",
        "property_state_ab": "AK",
        "property_city": "New York",
        "property_area": "",
        "property_fav":false,
        "property_lat": 25.9347377,
        "property_lon": -80.1372757,
        "agent_mobile": "(123) 456-7890",
        "agent_office_num": "",
        "agent_skype": "",
        "agent_website": "",
        "agent_email": "demoagent@gmail.com",
        "brokerrage_name": "demo broker",
        "brokerrage_address": "Demo broker address",
        "license": "909063",
        "agent_name": "demo_agent",
        "agent_image": "assets/imgs/default.png"}
    },
    {
      "id": "2",
      "fullname": "John",
      "phone": "(999) 999-9999",
      "email": "john@gmail.com",
      "meeting_date": "10-02-2018",
      "meeting_time": "02:00 PM",
      "note": "Hi, Can we discuss on this property ?",
      "property":{
        "id": 2,
        "post_title": "100 Barrow",
        "post_content": "100 Barrow is a new co-op development by Toll Brothers and Toll Brothers City Living at 100 Barrow Street, New York. The development was completed in 2017. Sales for available units range in price from $2,978,000 to $11,756,790. 100 Barrow has a total of 33 units, sizes range from 1637 to 4447 square feet.",
        "bedrooms": "2",
        "bathrooms": "1",
        "post_status": "expired",
        "thumb": "assets/imgs/property/img2.jpg",
        "thumb-s": "assets/imgs/property/img2.jpg",
        "thumb-m": "assets/imgs/property/img2.jpg",
        "thumb-l": "assets/imgs/property/img2.jpg",
        "audio_file": "",
        "vidoe_file": "",
        "cobroke": "",
        "street_name": "Barrow Street",
        "property_price": "236599",
        "property_pricek": "$236.599 K",
        "property_sec_price": "",
        "property_size": "2234",
        "property_garage": "Barrow Street",
        "property_address": "Barrow Street,Los Angeles",
        "postal_code": "33160",
        "property_country": "US",
        "expiration_date": "",
        "expiration_date2": "",
        "property_type": "Commercial",
        "property_typeid": "1",
        "property_status": "",
        "property_statusid": "",
        "property_state": "Arizona",
        "property_state_ab": "AZ",
        "property_city": "Los Angeles",
        "property_area": "",
        "property_fav":false,
        "property_lat": 25.9347377,
        "property_lon": -80.1372757,
        "agent_mobile": "(123) 456-7890",
        "agent_office_num": "",
        "agent_skype": "",
        "agent_website": "",
        "agent_email": "demoagent@gmail.com",
        "brokerrage_name": "demo broker",
        "brokerrage_address": "Demo broker address",
        "license": "909063",
        "agent_name": "demo_agent",
        "agent_image": "assets/imgs/default.png"
    }
    },
    {
      "id": "3",
      "fullname": "Brad",
      "phone": "(999) 999-9999",
      "email": "brad@gmail.com",
      "meeting_date": "10-02-2018",
      "meeting_time": "02:00 PM",
      "note": "Thank you. I have purchased this property. Please see the details",
      "property": {
      "id": 4,
        "post_title": "Dadeland Mall",
        "post_content": "Enclosed ahopping mall located in kendailnn",
        "bedrooms": "4",
        "bathrooms": "3",
        "post_status": "draft",
        "thumb": "assets/imgs/property/img4.jpg",
        "thumb-s": "assets/imgs/property/img4.jpg",
        "thumb-m": "assets/imgs/property/img4.jpg",
        "thumb-l": "assets/imgs/property/img4.jpg",
        "audio_file": "",
        "vidoe_file": "",
        "cobroke": "",
        "street_name": "7535 N Kendail Dr",
        "property_price": "10000",
        "property_pricek": "$10 K",
        "property_sec_price": "",
        "property_size": "5346",
        "property_garage": "",
        "property_address": "7535 N Kendail Dr,San Diego",
        "postal_code": "33156",
        "property_country": "US",
        "expiration_date": "",
        "expiration_date2": "",
        "property_type": "Commercial",
        "property_typeid": "1",
        "property_status": "",
        "property_statusid": "",
        "property_state": "Florida",
        "property_state_ab": "FL",
        "property_city": "San Diego",
        "property_area": "",
        "property_fav":false,
        "property_lat": 25.6579955,
        "property_lon": -80.2878794,
        "agent_mobile": "(123) 456-7890",
        "agent_office_num": "",
        "agent_skype": "",
        "agent_website": "",
        "agent_email": "demoagent@gmail.com",
        "brokerrage_name": "demo broker",
        "brokerrage_address": "Demo broker address",
        "license": "909063",
        "agent_name": "demo_agent",
        "agent_image": "assets/imgs/default.png"
    }
    },
    {
      "id": "4",
      "fullname": "David",
      "phone": "(999) 999-9999",
      "email": "david@gmail.com",
      "meeting_date": "10-02-2018",
      "meeting_time": "02:00 PM",
      "note": "Hi, How are you",
      "property":{
        "id": 6,
        "post_title": "Aventura Mall",
        "post_content": "Super shopping mall in aventura florida",
        "bedrooms": "4",
        "bathrooms": "3",
        "post_status": "draft",
        "thumb": "assets/imgs/property/img6.jpeg",
        "thumb-s": "assets/imgs/property/img6.jpeg",
        "thumb-m": "assets/imgs/property/img6.jpeg",
        "thumb-l": "assets/imgs/property/img6.jpeg",
        "audio_file": "",
        "vidoe_file": "",
        "cobroke": "",
        "street_name": "biscayne bivid",
        "property_price": "33440",
        "property_pricek": "$33.44 K",
        "property_sec_price": "",
        "property_size": "9234",
        "property_garage": "",
        "property_address": "biscayne bivid,Aventura",
        "postal_code": "33180",
        "property_country": "US",
        "expiration_date": "",
        "expiration_date2": "",
        "property_type": "Commercial",
        "property_typeid": 1,
        "property_status": "",
        "property_statusid": "",
        "property_state": "Florida",
        "property_state_ab": "FL",
        "property_city": "Aventura",
        "property_area": "",
        "property_fav":true,
        "property_lat": 25.9581433,
        "property_lon": -80.1372757,
        "agent_mobile": "(123) 456-7890",
        "agent_office_num": "",
        "agent_skype": "",
        "agent_website": "",
        "agent_email": "demoagent@gmail.com",
        "brokerrage_name": "demo broker",
        "brokerrage_address": "Demo broker address",
        "license": "909063",
        "agent_name": "demo_agent",
        "agent_image": "assets/imgs/default.png"
    }
    }
  ],
  "total_appointments": 4
}