{
  "status": true,
  "data": [
    {
    
      "id": 1,
      "post_title": "70 Bushwick Avenue",
      "post_content": "70 Bushwick Avenue is a new apartment development by Bushwick Powers LLC at 70 Bushwick Avenue, Kings County. 70 Bushwick Avenue has a total of 20 units, sizes range from 750 to 750 square feet.",
      "bedrooms": "1",
      "bathrooms": "2",
      "post_status": "expired",
      "thumb": "assets/imgs/property/img1.jpg",
      "thumb-s": "assets/imgs/property/img1.jpg",
      "thumb-m": "assets/imgs/property/img1.jpg",
      "thumb-l": "assets/imgs/property/img1.jpg",
      "audio_file": "",
      "vidoe_file": "",
      "cobroke": "",
      "street_name": "Kings County",
      "property_price": "369856",
      "property_pricek": "$369.856 K",
      "property_sec_price": "",
      "property_size": "1234",
      "property_garage": "",
      "property_address": "Kings County,New York",
      "postal_code": "33160",
      "property_country": "US",
      "expiration_date": "",
      "expiration_date2": "",
      "property_type": "Non Commercial",
      "property_typeid": "2",
      "property_status": "",
      "property_statusid": "",
      "property_state": "Alaska",
      "property_state_ab": "AK",
      "property_city": "New York",
      "property_area": "",
      "property_fav":false,
      "property_lat": 25.9347377,
      "property_lon": -80.1372757,
      "agent_mobile": "(123) 456-7890",
      "agent_office_num": "",
      "agent_skype": "",
      "agent_website": "",
      "agent_email": "demoagent@gmail.com",
      "brokerrage_name": "demo broker",
      "brokerrage_address": "Demo broker address",
      "license": "909063",
      "agent_name": "demo_agent",
      "agent_image": "assets/imgs/default.png"
    },
    {
      "id": 2,
      "post_title": "100 Barrow",
      "post_content": "100 Barrow is a new co-op development by Toll Brothers and Toll Brothers City Living at 100 Barrow Street, New York. The development was completed in 2017. Sales for available units range in price from $2,978,000 to $11,756,790. 100 Barrow has a total of 33 units, sizes range from 1637 to 4447 square feet.",
      "bedrooms": "2",
      "bathrooms": "1",
      "post_status": "expired",
      "thumb": "assets/imgs/property/img2.jpg",
      "thumb-s": "assets/imgs/property/img2.jpg",
      "thumb-m": "assets/imgs/property/img2.jpg",
      "thumb-l": "assets/imgs/property/img2.jpg",
      "audio_file": "",
      "vidoe_file": "",
      "cobroke": "",
      "street_name": "Barrow Street",
      "property_price": "236599",
      "property_pricek": "$236.599 K",
      "property_sec_price": "",
      "property_size": "2234",
      "property_garage": "Barrow Street",
      "property_address": "Barrow Street,Los Angeles",
      "postal_code": "33160",
      "property_country": "US",
      "expiration_date": "",
      "expiration_date2": "",
      "property_type": "Commercial",
      "property_typeid": "1",
      "property_status": "",
      "property_statusid": "",
      "property_state": "Arizona",
      "property_state_ab": "AZ",
      "property_city": "Los Angeles",
      "property_area": "",
      "property_fav":false,
      "property_lat": 25.9347377,
      "property_lon": -80.1372757,
      "agent_mobile": "(123) 456-7890",
      "agent_office_num": "",
      "agent_skype": "",
      "agent_website": "",
      "agent_email": "demoagent@gmail.com",
      "brokerrage_name": "demo broker",
      "brokerrage_address": "Demo broker address",
      "license": "909063",
      "agent_name": "demo_agent",
      "agent_image": "assets/imgs/default.png"
    },
    {
      "id": 3,
      "post_title": "51 Jay Street",
      "post_content": "51 Jay Street is a new condo development by Adam America Real Estate Development and Slate Property Group at 51 Jay Street, New York. The development was completed in 2016. Sales for available units range in price from $2,795,000 to $4,995,000. 51 Jay Street has a total of 74 units, sizes range from 1757 to 2663 square feet.",
      "bedrooms": "3",
      "bathrooms": "3",
      "post_status": "expired",
      "thumb": "assets/imgs/property/img3.jpg",
      "thumb-s": "assets/imgs/property/img3.jpg",
      "thumb-m": "assets/imgs/property/img3.jpg",
      "thumb-l": "assets/imgs/property/img3.jpg",
      "audio_file": "",
      "vidoe_file": "",
      "cobroke": "",
      "street_name": "Jay Street",
      "property_price": "123456",
      "property_pricek": "$123.456 K",
      "property_sec_price": "",
      "property_size": "3234",
      "property_garage": "",
      "property_address": "Jay Street,Estero",
      "postal_code": "33156",
      "property_country": "US",
      "expiration_date": "",
      "expiration_date2": "",
      "property_type": "Non Commercial",
      "property_typeid": 2,
      "property_status": "",
      "property_statusid": "",
      "property_state": "Florida",
      "property_state_ab": "FL",
      "property_city": "Estero",
      "property_area": "",
      "property_fav":true,
      "property_lat": 26.4273206,
      "property_lon": -81.7239979,
      "agent_mobile": "(123) 456-7890",
      "agent_office_num": "",
      "agent_skype": "",
      "agent_website": "",
      "agent_email": "demoagent@gmail.com",
      "brokerrage_name": "demo broker",
      "brokerrage_address": "Demo broker address",
      "license": "909063",
      "agent_name": "demo_agent",
      "agent_image": "assets/imgs/default.png"
    },
    {
      "id": 4,
      "post_title": "Dadeland Mall",
      "post_content": "Enclosed ahopping mall located in kendailnn",
      "bedrooms": "4",
      "bathrooms": "3",
      "post_status": "draft",
      "thumb": "assets/imgs/property/img4.jpg",
      "thumb-s": "assets/imgs/property/img4.jpg",
      "thumb-m": "assets/imgs/property/img4.jpg",
      "thumb-l": "assets/imgs/property/img4.jpg",
      "audio_file": "",
      "vidoe_file": "",
      "cobroke": "",
      "street_name": "7535 N Kendail Dr",
      "property_price": "10000",
      "property_pricek": "$10 K",
      "property_sec_price": "",
      "property_size": "5346",
      "property_garage": "",
      "property_address": "7535 N Kendail Dr,San Diego",
      "postal_code": "33156",
      "property_country": "US",
      "expiration_date": "",
      "expiration_date2": "",
      "property_type": "Commercial",
      "property_typeid": "1",
      "property_status": "",
      "property_statusid": "",
      "property_state": "Florida",
      "property_state_ab": "FL",
      "property_city": "San Diego",
      "property_area": "",
      "property_fav":false,
      "property_lat": 25.6579955,
      "property_lon": -80.2878794,
      "agent_mobile": "(123) 456-7890",
      "agent_office_num": "",
      "agent_skype": "",
      "agent_website": "",
      "agent_email": "demoagent@gmail.com",
      "brokerrage_name": "demo broker",
      "brokerrage_address": "Demo broker address",
      "license": "909063",
      "agent_name": "demo_agent",
      "agent_image": "assets/imgs/default.png"
    },
    {
      "id": 5,
      "post_title": "Sawgrass Mills",
      "post_content": "Outlet shopping mall operated by simon property",
      "bedrooms": "3",
      "bathrooms": "2",
      "post_status": "draft",
      "thumb": "assets/imgs/property/img5.jpeg",
      "thumb-s": "assets/imgs/property/img5.jpeg",
      "thumb-m": "assets/imgs/property/img5.jpeg",
      "thumb-l": "assets/imgs/property/img5.jpeg",
      "audio_file": "",
      "vidoe_file": "",
      "cobroke": "",
      "street_name": "12801 W sunrise blvd",
      "property_price": "22000",
      "property_pricek": "$22 K",
      "property_sec_price": "",
      "property_size": "1284",
      "property_garage": "",
      "property_address": "12801 W sunrise blvd,San Antonio",
      "postal_code": "33180",
      "property_country": "US",
      "expiration_date": "",
      "expiration_date2": "",
      "property_type": "Non Commercial",
      "property_typeid": "2",
      "property_status": "",
      "property_statusid": "",
      "property_state": "Florida",
      "property_state_ab": "FL",
      "property_city": "San Antonio",
      "property_area": "",
      "property_fav":false,
      "property_lat": 25.8347377,
      "property_lon": 0,
      "agent_mobile": "(123) 456-7890",
      "agent_office_num": "",
      "agent_skype": "",
      "agent_website": "",
      "agent_email": "demoagent@gmail.com",
      "brokerrage_name": "demo broker",
      "brokerrage_address": "Demo broker address",
      "license": "909063",
      "agent_name": "demo_agent",
      "agent_image": "assets/imgs/default.png"
    },
    {
      "id": 6,
      "post_title": "Aventura Mall",
      "post_content": "Super shopping mall in aventura florida",
      "bedrooms": "4",
      "bathrooms": "3",
      "post_status": "draft",
      "thumb": "assets/imgs/property/img6.jpeg",
      "thumb-s": "assets/imgs/property/img6.jpeg",
      "thumb-m": "assets/imgs/property/img6.jpeg",
      "thumb-l": "assets/imgs/property/img6.jpeg",
      "audio_file": "",
      "vidoe_file": "",
      "cobroke": "",
      "street_name": "biscayne bivid",
      "property_price": "33440",
      "property_pricek": "$33.44 K",
      "property_sec_price": "",
      "property_size": "9234",
      "property_garage": "",
      "property_address": "biscayne bivid,Aventura",
      "postal_code": "33180",
      "property_country": "US",
      "expiration_date": "",
      "expiration_date2": "",
      "property_type": "Commercial",
      "property_typeid": 1,
      "property_status": "",
      "property_statusid": "",
      "property_state": "Florida",
      "property_state_ab": "FL",
      "property_city": "Aventura",
      "property_area": "",
      "property_fav":true,
      "property_lat": 25.9581433,
      "property_lon": -80.1372757,
      "agent_mobile": "(123) 456-7890",
      "agent_office_num": "",
      "agent_skype": "",
      "agent_website": "",
      "agent_email": "demoagent@gmail.com",
      "brokerrage_name": "demo broker",
      "brokerrage_address": "Demo broker address",
      "license": "909063",
      "agent_name": "demo_agent",
      "agent_image": "assets/imgs/default.png"
    },
    {
      "id": 7,
      "post_title": "The Sutton",
      "post_content": "The Sutton is a new condo development by Toll Brothers City Living and Toll Brothers at 959 1st Avenue, New York. The development was completed in 2016. Sales for available units range in price from $3,399,990 to over $9,999,990. The Sutton has a total of 113 units, sizes range from 1442 to 3356 square feet.",
      "bedrooms": "4",
      "bathrooms": "4",
      "post_status": "draft",
      "thumb": "assets/imgs/property/img7.jpeg",
      "thumb-s": "assets/imgs/property/img7.jpeg",
      "thumb-m": "assets/imgs/property/img7.jpeg",
      "thumb-l": "assets/imgs/property/img7.jpeg",
      "audio_file": "",
      "vidoe_file": "",
      "cobroke": "",
      "street_name": "1st Avenue",
      "property_price": "46465",
      "property_pricek": "$46.465 K",
      "property_sec_price": "",
      "property_size": "6534",
      "property_garage": "",
      "property_address": "1st Avenue,Washington",
      "postal_code": "33200",
      "property_country": "US",
      "expiration_date": "",
      "expiration_date2": "",
      "property_type": "Non Commercial",
      "property_typeid": "2",
      "property_status": "Foreclosures",
      "property_statusid": 65,
      "property_state": "Colorado",
      "property_state_ab": "FL",
      "property_city": "Washington",
      "property_area": "",
      "property_fav":false,
      "property_lat": 25.9447377,
      "property_lon": 0,
      "agent_mobile": "(123) 456-7890",
      "agent_office_num": "",
      "agent_skype": "",
      "agent_website": "",
      "agent_email": "demoagent@gmail.com",
      "brokerrage_name": "demo broker",
      "brokerrage_address": "Demo broker address",
      "license": "909063",
      "agent_name": "demo_agent",
      "agent_image": "assets/imgs/default.png"
    },
    {
      "id": 8,
      "post_title": "868 Lorimer",
      "post_content": "868 Lorimer is a new condo development by Chatham Development Company at 868 Lorimer Street, Kings County. The development was completed in 2017. Sales for available units range in price from $2,700,000 to $2,700,000. 868 Lorimer has a total of 14 units, sizes range from 1800 to 1800 square feet.",
      "bedrooms": "3",
      "bathrooms": "2",
      "post_status": "publish",
      "thumb": "assets/imgs/property/img8.jpeg",
      "thumb-s": "assets/imgs/property/img8.jpeg",
      "thumb-m": "assets/imgs/property/img8.jpeg",
      "thumb-l": "assets/imgs/property/img8.jpeg",
      "audio_file": "",
      "vidoe_file": "",
      "cobroke": "",
      "street_name": "Lorimer",
      "property_price": "46465",
      "property_pricek": "$46.465 K",
      "property_sec_price": "",
      "property_size": "4434",
      "property_garage": "",
      "property_address": "Lorimer,Las Vegas",
      "postal_code": "33200",
      "property_country": "US",
      "expiration_date": "",
      "expiration_date2": "",
      "property_type": "Commercial",
      "property_typeid": "1",
      "property_status": "",
      "property_statusid": "",
      "property_state": "Nevada",
      "property_state_ab": "FL",
      "property_city": "Las Vegas",
      "property_area": "",
      "property_fav":true,
      "property_lat": 25.7447377,
      "property_lon": 0,
      "agent_mobile": "(123) 456-7890",
      "agent_office_num": "",
      "agent_skype": "",
      "agent_website": "",
      "agent_email": "demoagent@gmail.com",
      "brokerrage_name": "demo broker",
      "brokerrage_address": "Demo broker address",
      "license": "909063",
      "agent_name": "demo_agent",
      "agent_image": "assets/imgs/default.png"
    },
    {
      "id": 9,
      "post_title": "1110 Park Ave",
      "post_content": "1110 Park Ave is a new condo development by Toll Brothers City Living and Toll Brothers at 1110 Park Avenue, New York. The development was completed in 2015. Sales for available units range in price from $15,950,000 to over $25,950,000. 1110 Park Ave has a total of 9 units, sizes range from 5097 to 7000 square feet.",
      "bedrooms": "2",
      "bathrooms": "1",
      "post_status": "publish",
      "thumb": "assets/imgs/property/img9.jpeg",
      "thumb-s": "assets/imgs/property/img9.jpeg",
      "thumb-m": "assets/imgs/property/img9.jpeg",
      "thumb-l": "assets/imgs/property/img9.jpeg",
      "audio_file": "",
      "vidoe_file": "",
      "cobroke": "",
      "street_name": "Park Avenue",
      "property_price": "31965",
      "property_pricek": "$31.965 K",
      "property_sec_price": "",
      "property_size": "7336",
      "property_garage": "",
      "property_address": "Park Avenue, Memphis",
      "postal_code": "33156",
      "property_country": "US",
      "expiration_date": "",
      "expiration_date2": "",
      "property_type": "Non Commercial",
      "property_typeid": "2",
      "property_status": "",
      "property_statusid": "",
      "property_state": "Tennessee",
      "property_state_ab": "FL",
      "property_city": "Memphis",
      "property_area": "",
      "property_fav":false,
      "property_lat": 25.5347377,
      "property_lon": 0,
      "agent_mobile": "(123) 456-7890",
      "agent_office_num": "",
      "agent_skype": "",
      "agent_website": "",
      "agent_email": "demoagent@gmail.com",
      "brokerrage_name": "demo broker",
      "brokerrage_address": "Demo broker address",
      "license": "909063",
      "agent_name": "demo_agent",
      "agent_image": "assets/imgs/default.png"
    },
    {
      "id": 10,
      "post_title": "358 Douglass Street",
      "post_content": "358 Douglass Street is a new condo development by SL Development at 358 Douglass Street, Kings County. 358 Douglass Street has a total of 4 units.",
      "bedrooms": "4",
      "bathrooms": "3",
      "post_status": "publish",
      "thumb": "assets/imgs/property/img10.jpeg",
      "thumb-s": "assets/imgs/property/img10.jpeg",
      "thumb-m": "assets/imgs/property/img10.jpeg",
      "thumb-l": "assets/imgs/property/img10.jpeg",
      "audio_file": "",
      "vidoe_file": "",
      "cobroke": "",
      "street_name": "Douglass Street",
      "property_price": "29898",
      "property_pricek": "$29.898 K",
      "property_sec_price": "",
      "property_size": "8231",
      "property_garage": "",
      "property_address": "Douglass Street, NY",
      "postal_code": "33156",
      "property_country": "US",
      "expiration_date": "",
      "expiration_date2": "",
      "property_type": "Commercial",
      "property_typeid": "1",
      "property_status": "",
      "property_statusid": "",
      "property_state": "Oregon",
      "property_state_ab": "FL",
      "property_city": "Portland",
      "property_area": "",
      "property_fav":false,
      "property_lat": 25.4447377,
      "property_lon": 0,
      "agent_mobile": "(123) 456-7890",
      "agent_office_num": "",
      "agent_skype": "",
      "agent_website": "",
      "agent_email": "demoagent@gmail.com",
      "brokerrage_name": "demo broker",
      "brokerrage_address": "Demo broker address",
      "license": "909063",
      "agent_name": "demo_agent",
      "agent_image": "assets/imgs/default.png"
    }
  ],
  "total_appointments": 4
}